rel_path,vendor,hw_platform,profile,group
device/accton/x86_64-accton_as7116_54x-r0/Accton-AS7116-54X-R0/qos.json.j2,accton,x86_64-accton_as7116_54x-r0,Accton-AS7116-54X-R0,OTHER
device/accton/x86_64-accton_as7212_54x-r0/AS7212-54x/qos.json.j2,accton,x86_64-accton_as7212_54x-r0,AS7212-54x,A
device/accton/x86_64-accton_wedge100bf_32qs-r0/montara/qos.json.j2,accton,x86_64-accton_wedge100bf_32qs-r0,montara,OTHER
device/alphanetworks/x86_64-alphanetworks_snj60d0_320f-r0/Alphanetworks-SNJ60D0-320F/qos.json.j2,alphanetworks,x86_64-alphanetworks_snj60d0_320f-r0,Alphanetworks-SNJ60D0-320F,OTHER
device/arista/x86_64-arista_7050cx3_32s/Arista-7050CX3-32S-C28S4/BALANCED/qos.json.j2,arista,x86_64-arista_7050cx3_32s,Arista-7050CX3-32S-C28S4,OTHER
device/arista/x86_64-arista_7050cx3_32s/Arista-7050CX3-32S-C32/BALANCED/qos.json.j2,arista,x86_64-arista_7050cx3_32s,Arista-7050CX3-32S-C32,OTHER
device/arista/x86_64-arista_7050cx3_32s/Arista-7050CX3-32S-D48C8/BALANCED/qos.json.j2,arista,x86_64-arista_7050cx3_32s,Arista-7050CX3-32S-D48C8,OTHER
device/arista/x86_64-arista_7050sx3_48c8/Arista-7050SX3-48C8/qos.json.j2,arista,x86_64-arista_7050sx3_48c8,Arista-7050SX3-48C8,C
device/arista/x86_64-arista_7050sx3_48yc8/Arista-7050SX3-48YC8/qos.json.j2,arista,x86_64-arista_7050sx3_48yc8,Arista-7050SX3-48YC8,C
device/arista/x86_64-arista_7060_cx32s/Arista-7060CX-32S/qos.json.j2,arista,x86_64-arista_7060_cx32s,Arista-7060CX-32S,C
device/arista/x86_64-arista_7060x6_16pe_384c/Arista-7060X6-16PE-384C-O128S2/qos.json.j2,arista,x86_64-arista_7060x6_16pe_384c,Arista-7060X6-16PE-384C-O128S2,C
device/arista/x86_64-arista_7060x6_16pe_384c_b/Arista-7060X6-16PE-384C-B-O128S2/qos.json.j2,arista,x86_64-arista_7060x6_16pe_384c_b,Arista-7060X6-16PE-384C-B-O128S2,C
device/arista/x86_64-arista_7060x6_32pe/Arista-7060X6-32PE/qos.json.j2,arista,x86_64-arista_7060x6_32pe,Arista-7060X6-32PE,A
device/arista/x86_64-arista_7060x6_64de/Arista-7060X6-64DE-64x400G/qos.json.j2,arista,x86_64-arista_7060x6_64de,Arista-7060X6-64DE-64x400G,A
device/arista/x86_64-arista_7060x6_64de/Arista-7060X6-64DE-O128S2/qos.json.j2,arista,x86_64-arista_7060x6_64de,Arista-7060X6-64DE-O128S2,A
device/arista/x86_64-arista_7060x6_64de/Arista-7060X6-64DE/qos.json.j2,arista,x86_64-arista_7060x6_64de,Arista-7060X6-64DE,A
device/arista/x86_64-arista_7060x6_64pe/Arista-7060X6-64PE-256x200G/qos.json.j2,arista,x86_64-arista_7060x6_64pe,Arista-7060X6-64PE-256x200G,A
device/arista/x86_64-arista_7060x6_64pe/Arista-7060X6-64PE-64x400G/qos.json.j2,arista,x86_64-arista_7060x6_64pe,Arista-7060X6-64PE-64x400G,A
device/arista/x86_64-arista_7060x6_64pe/Arista-7060X6-64PE-C224O8/qos.json.j2,arista,x86_64-arista_7060x6_64pe,Arista-7060X6-64PE-C224O8,OTHER
device/arista/x86_64-arista_7060x6_64pe/Arista-7060X6-64PE-C256S2/qos.json.j2,arista,x86_64-arista_7060x6_64pe,Arista-7060X6-64PE-C256S2,OTHER
device/arista/x86_64-arista_7060x6_64pe/Arista-7060X6-64PE-O128S2/qos.json.j2,arista,x86_64-arista_7060x6_64pe,Arista-7060X6-64PE-O128S2,C
device/arista/x86_64-arista_7060x6_64pe/Arista-7060X6-64PE-P32O64/qos.json.j2,arista,x86_64-arista_7060x6_64pe,Arista-7060X6-64PE-P32O64,A
device/arista/x86_64-arista_7060x6_64pe/Arista-7060X6-64PE/qos.json.j2,arista,x86_64-arista_7060x6_64pe,Arista-7060X6-64PE,A
device/arista/x86_64-arista_7060x6_64pe_b/Arista-7060X6-64PE-B-C448O16/qos.json.j2,arista,x86_64-arista_7060x6_64pe_b,Arista-7060X6-64PE-B-C448O16,C
device/arista/x86_64-arista_7060x6_64pe_b/Arista-7060X6-64PE-B-C512S2/qos.json.j2,arista,x86_64-arista_7060x6_64pe_b,Arista-7060X6-64PE-B-C512S2,C
device/arista/x86_64-arista_7060x6_64pe_b/Arista-7060X6-64PE-B-O128/qos.json.j2,arista,x86_64-arista_7060x6_64pe_b,Arista-7060X6-64PE-B-O128,C
device/arista/x86_64-arista_7060x6_64pe_b/Arista-7060X6-64PE-B-P28O72/qos.json.j2,arista,x86_64-arista_7060x6_64pe_b,Arista-7060X6-64PE-B-P28O72,A
device/arista/x86_64-arista_7060x6_64pe_b/Arista-7060X6-64PE-B-P32O64/qos.json.j2,arista,x86_64-arista_7060x6_64pe_b,Arista-7060X6-64PE-B-P32O64,A
device/arista/x86_64-arista_7060x6_64pe_b/Arista-7060X6-64PE-B-P32V128/qos.json.j2,arista,x86_64-arista_7060x6_64pe_b,Arista-7060X6-64PE-B-P32V128,A
device/arista/x86_64-arista_7060x6_64pe_b/Arista-7060X6-64PE-B-P64/qos.json.j2,arista,x86_64-arista_7060x6_64pe_b,Arista-7060X6-64PE-B-P64,A
device/arista/x86_64-arista_7170_64c/Arista-7170-64C/qos.json.j2,arista,x86_64-arista_7170_64c,Arista-7170-64C,A
device/arista/x86_64-arista_7170_64c/Arista-7170-Q59S20/qos.json.j2,arista,x86_64-arista_7170_64c,Arista-7170-Q59S20,A
device/arista/x86_64-arista_7260cx3_64/Arista-7260CX3-D96C16/qos.json.j2,arista,x86_64-arista_7260cx3_64,Arista-7260CX3-D96C16,C
device/arista/x86_64-arista_7280dr3a_36/Arista-7280DR3A-36/0/qos.json.j2,arista,x86_64-arista_7280dr3a_36,Arista-7280DR3A-36,C
device/arista/x86_64-arista_7280r4_32qf_32df/Arista-7280R4-32QF-32DF-64O/qos.json.j2,arista,x86_64-arista_7280r4_32qf_32df,Arista-7280R4-32QF-32DF-64O,C
device/arista/x86_64-arista_7800r3_48cq2_lc/Arista-7800R3-48CQ2-C48/qos.json.j2,arista,x86_64-arista_7800r3_48cq2_lc,Arista-7800R3-48CQ2-C48,C
device/arista/x86_64-arista_7800r3_48cqm2_lc/Arista-7800R3-48CQM2-C48/qos.json.j2,arista,x86_64-arista_7800r3_48cqm2_lc,Arista-7800R3-48CQM2-C48,C
device/arista/x86_64-arista_7800r3a_36d2_lc/Arista-7800R3A-36D2-C36/0/qos.json.j2,arista,x86_64-arista_7800r3a_36d2_lc,Arista-7800R3A-36D2-C36,C
device/arista/x86_64-arista_7800r3a_36d2_lc/Arista-7800R3A-36D2-C36/1/qos.json.j2,arista,x86_64-arista_7800r3a_36d2_lc,Arista-7800R3A-36D2-C36,C
device/arista/x86_64-arista_7800r3a_36d2_lc/Arista-7800R3A-36D2-C72/0/qos.json.j2,arista,x86_64-arista_7800r3a_36d2_lc,Arista-7800R3A-36D2-C72,C
device/arista/x86_64-arista_7800r3a_36d2_lc/Arista-7800R3A-36D2-C72/1/qos.json.j2,arista,x86_64-arista_7800r3a_36d2_lc,Arista-7800R3A-36D2-C72,C
device/arista/x86_64-arista_7800r3a_36d2_lc/Arista-7800R3A-36D2-D36/0/qos.json.j2,arista,x86_64-arista_7800r3a_36d2_lc,Arista-7800R3A-36D2-D36,C
device/arista/x86_64-arista_7800r3a_36d2_lc/Arista-7800R3A-36D2-D36/1/qos.json.j2,arista,x86_64-arista_7800r3a_36d2_lc,Arista-7800R3A-36D2-D36,C
device/barefoot/x86_64-accton_as9516_32d-r0/newport/qos.json.j2,barefoot,x86_64-accton_as9516_32d-r0,newport,OTHER
device/barefoot/x86_64-accton_wedge100bf_32x-r0/montara/qos.json.j2,barefoot,x86_64-accton_wedge100bf_32x-r0,montara,OTHER
device/barefoot/x86_64-accton_wedge100bf_65x-r0/mavericks/qos.json.j2,barefoot,x86_64-accton_wedge100bf_65x-r0,mavericks,OTHER
device/celestica/x86_64-cel_ds2000-r0/DS2000/qos.json.j2,celestica,x86_64-cel_ds2000-r0,DS2000,B
device/celestica/x86_64-cel_ds3000-r0/DS3000/qos.json.j2,celestica,x86_64-cel_ds3000-r0,DS3000,A
device/celestica/x86_64-cel_midstone-r0/Midstone-200i/qos.json.j2,celestica,x86_64-cel_midstone-r0,Midstone-200i,OTHER
device/celestica/x86_64-cel_midstone-r0/Midstone-200i_128x100/qos.json.j2,celestica,x86_64-cel_midstone-r0,Midstone-200i_128x100,OTHER
device/celestica/x86_64-cel_midstone-r0/Midstone-200i_32x400/qos.json.j2,celestica,x86_64-cel_midstone-r0,Midstone-200i_32x400,OTHER
device/celestica/x86_64-cel_midstone-r0/Midstone-200i_64x100/qos.json.j2,celestica,x86_64-cel_midstone-r0,Midstone-200i_64x100,OTHER
device/celestica/x86_64-cel_midstone-r0/Midstone-200i_64x100nrz/qos.json.j2,celestica,x86_64-cel_midstone-r0,Midstone-200i_64x100nrz,OTHER
device/celestica/x86_64-cel_midstone-r0/Midstone-200i_64x200/qos.json.j2,celestica,x86_64-cel_midstone-r0,Midstone-200i_64x200,OTHER
device/celestica/x86_64-cel_seastone_2-r0/Seastone_2/qos.json.j2,celestica,x86_64-cel_seastone_2-r0,Seastone_2,A
device/celestica/x86_64-cel_silverstone_v2-r0/Silverstone_v2/qos.json.j2,celestica,x86_64-cel_silverstone_v2-r0,Silverstone_v2,A
device/celestica/x86_64-cel_silverstone_v2-r0/Silverstone_v2_128X100G/qos.json.j2,celestica,x86_64-cel_silverstone_v2-r0,Silverstone_v2_128X100G,A
device/centec/arm64-centec_e530_24x2c-r0/E530-24x2c/qos.json.j2,centec,arm64-centec_e530_24x2c-r0,E530-24x2c,A
device/centec/arm64-centec_e530_24x2q-r0/E530-24x2q/qos.json.j2,centec,arm64-centec_e530_24x2q-r0,E530-24x2q,A
device/centec/arm64-centec_e530_48s4x-r0/E530-48s4x/qos.json.j2,centec,arm64-centec_e530_48s4x-r0,E530-48s4x,A
device/centec/arm64-centec_e530_48t4x_p-r0/E530-48t4x-p/qos.json.j2,centec,arm64-centec_e530_48t4x_p-r0,E530-48t4x-p,A
device/centec/x86_64-centec_e582_48x2q4z-r0/E582-48x2q4z/qos.json.j2,centec,x86_64-centec_e582_48x2q4z-r0,E582-48x2q4z,A
device/centec/x86_64-centec_e582_48x6q-r0/E582-48x6q/qos.json.j2,centec,x86_64-centec_e582_48x6q-r0,E582-48x6q,A
device/centec/x86_64-centec_v682_48x8c-r0/V682-48x8c/qos.json.j2,centec,x86_64-centec_v682_48x8c-r0,V682-48x8c,A
device/centec/x86_64-centec_v682_48y8c-r0/V682-48y8c/qos.json.j2,centec,x86_64-centec_v682_48y8c-r0,V682-48y8c,A
device/centec/x86_64-centec_v682_48y8c_d-r0/V682-48y8c-d/qos.json.j2,centec,x86_64-centec_v682_48y8c_d-r0,V682-48y8c-d,A
device/cig/x86_64-cig_cs5435_54p-r0/Cig-CS5435-54P/qos.json.j2,cig,x86_64-cig_cs5435_54p-r0,Cig-CS5435-54P,A
device/cig/x86_64-cig_cs6436_54p-r0/Cig-CS6436-54P/qos.json.j2,cig,x86_64-cig_cs6436_54p-r0,Cig-CS6436-54P,A
device/cig/x86_64-cig_cs6436_56p-r0/Cig-CS6436-56P/qos.json.j2,cig,x86_64-cig_cs6436_56p-r0,Cig-CS6436-56P,A
device/common/profiles/td2/6000/BALANCED/qos.json.j2,common,profiles,td2,A
device/common/profiles/td2/6000/RDMA-CENTRIC/qos.json.j2,common,profiles,td2,A
device/common/profiles/td2/gen/BALANCED/qos.json.j2,common,profiles,td2,C
device/common/profiles/td2/gen/RDMA-CENTRIC/qos.json.j2,common,profiles,td2,C
device/common/profiles/th/6100/BALANCED/qos.json.j2,common,profiles,th,C
device/common/profiles/th/6100/RDMA-CENTRIC/qos.json.j2,common,profiles,th,C
device/common/profiles/th/gen/BALANCED/qos.json.j2,common,profiles,th,C
device/common/profiles/th/gen/RDMA-CENTRIC/qos.json.j2,common,profiles,th,C
device/common/profiles/th2/7260/BALANCED/qos.json.j2,common,profiles,th2,C
device/common/profiles/th2/7260/RDMA-CENTRIC/qos.json.j2,common,profiles,th2,C
device/dell/x86_64-dell_e3224f-r0/Dell-E3224F/qos.json.j2,dell,x86_64-dell_e3224f-r0,Dell-E3224F,B
device/dell/x86_64-dell_s3248t-r0/DELL-S3248T/qos.json.j2,dell,x86_64-dell_s3248t-r0,DELL-S3248T,B
device/dell/x86_64-dell_z9100_c2538-r0/Force10-Z9100-C32/qos.json.j2,dell,x86_64-dell_z9100_c2538-r0,Force10-Z9100-C32,A
device/dell/x86_64-dell_z9100_c2538-r0/Force10-Z9100-C8D48/qos.json.j2,dell,x86_64-dell_z9100_c2538-r0,Force10-Z9100-C8D48,A
device/dell/x86_64-dell_z9100_c2538-r0/Force10-Z9100/qos.json.j2,dell,x86_64-dell_z9100_c2538-r0,Force10-Z9100,A
device/dell/x86_64-dell_z9664f-r0/DellEMC-Z9664f-O64/qos.json.j2,dell,x86_64-dell_z9664f-r0,DellEMC-Z9664f-O64,OTHER
device/dell/x86_64-dell_z9864f-r0/Dell-Z9864f-O64/qos.json.j2,dell,x86_64-dell_z9864f-r0,Dell-Z9864f-O64,OTHER
device/dell/x86_64-dellemc_n3248pxe_c3338-r0/DELLEMC-N3248PXE/qos.json.j2,dell,x86_64-dellemc_n3248pxe_c3338-r0,DELLEMC-N3248PXE,B
device/dell/x86_64-dellemc_n3248te_c3338-r0/DellEMC-N3248TE/qos.json.j2,dell,x86_64-dellemc_n3248te_c3338-r0,DellEMC-N3248TE,B
device/dell/x86_64-dellemc_s5212f_c3538-r0/DellEMC-S5212f-P-25G/qos.json.j2,dell,x86_64-dellemc_s5212f_c3538-r0,DellEMC-S5212f-P-25G,A
device/dell/x86_64-dellemc_s5224f_c3538-r0/DellEMC-S5224f-P-25G/qos.json.j2,dell,x86_64-dellemc_s5224f_c3538-r0,DellEMC-S5224f-P-25G,A
device/dell/x86_64-dellemc_s5232f_c3538-r0/DellEMC-S5232f-C32/qos.json.j2,dell,x86_64-dellemc_s5232f_c3538-r0,DellEMC-S5232f-C32,A
device/dell/x86_64-dellemc_s5232f_c3538-r0/DellEMC-S5232f-C8D48/qos.json.j2,dell,x86_64-dellemc_s5232f_c3538-r0,DellEMC-S5232f-C8D48,A
device/dell/x86_64-dellemc_s5232f_c3538-r0/DellEMC-S5232f-P-100G/qos.json.j2,dell,x86_64-dellemc_s5232f_c3538-r0,DellEMC-S5232f-P-100G,OTHER
device/dell/x86_64-dellemc_s5232f_c3538-r0/DellEMC-S5232f-P-10G/qos.json.j2,dell,x86_64-dellemc_s5232f_c3538-r0,DellEMC-S5232f-P-10G,OTHER
device/dell/x86_64-dellemc_s5232f_c3538-r0/DellEMC-S5232f-P-25G/qos.json.j2,dell,x86_64-dellemc_s5232f_c3538-r0,DellEMC-S5232f-P-25G,OTHER
device/dell/x86_64-dellemc_s5248f_c3538-r0/DellEMC-S5248f-P-10G/qos.json.j2,dell,x86_64-dellemc_s5248f_c3538-r0,DellEMC-S5248f-P-10G,OTHER
device/dell/x86_64-dellemc_s5248f_c3538-r0/DellEMC-S5248f-P-25G/qos.json.j2,dell,x86_64-dellemc_s5248f_c3538-r0,DellEMC-S5248f-P-25G,OTHER
device/dell/x86_64-dellemc_s5296f_c3538-r0/DellEMC-S5296f-P-10G/qos.json.j2,dell,x86_64-dellemc_s5296f_c3538-r0,DellEMC-S5296f-P-10G,OTHER
device/dell/x86_64-dellemc_s5296f_c3538-r0/DellEMC-S5296f-P-25G/qos.json.j2,dell,x86_64-dellemc_s5296f_c3538-r0,DellEMC-S5296f-P-25G,OTHER
device/dell/x86_64-dellemc_s5448f-r0/DellEMC-S5448f-C48O8/qos.json.j2,dell,x86_64-dellemc_s5448f-r0,DellEMC-S5448f-C48O8,A
device/dell/x86_64-dellemc_z9264f_c3538-r0/DellEMC-Z9264f-C64/qos.json.j2,dell,x86_64-dellemc_z9264f_c3538-r0,DellEMC-Z9264f-C64,A
device/dell/x86_64-dellemc_z9264f_c3538-r0/DellEMC-Z9264f-C8D112/qos.json.j2,dell,x86_64-dellemc_z9264f_c3538-r0,DellEMC-Z9264f-C8D112,A
device/dell/x86_64-dellemc_z9264f_c3538-r0/DellEMC-Z9264f-Q64/qos.json.j2,dell,x86_64-dellemc_z9264f_c3538-r0,DellEMC-Z9264f-Q64,A
device/dell/x86_64-dellemc_z9332f_d1508-r0/DellEMC-Z9332f-C32/qos.json.j2,dell,x86_64-dellemc_z9332f_d1508-r0,DellEMC-Z9332f-C32,OTHER
device/dell/x86_64-dellemc_z9332f_d1508-r0/DellEMC-Z9332f-M-O16C64/qos.json.j2,dell,x86_64-dellemc_z9332f_d1508-r0,DellEMC-Z9332f-M-O16C64,A
device/dell/x86_64-dellemc_z9332f_d1508-r0/DellEMC-Z9332f-O32/qos.json.j2,dell,x86_64-dellemc_z9332f_d1508-r0,DellEMC-Z9332f-O32,A
device/dell/x86_64-dellemc_z9432f_c3758-r0/DellEMC-Z9432f-O32/qos.json.j2,dell,x86_64-dellemc_z9432f_c3758-r0,DellEMC-Z9432f-O32,OTHER
device/dell/x86_64-dellemc_z9432f_c3758-r0/DellEMC-Z9432f-T64C64O8-DPB/qos.json.j2,dell,x86_64-dellemc_z9432f_c3758-r0,DellEMC-Z9432f-T64C64O8-DPB,OTHER
device/delta/x86_64-delta_et-c032if-r0/Delta-et-c032if/qos.json.j2,delta,x86_64-delta_et-c032if-r0,Delta-et-c032if,OTHER
device/delta/x86_64-delta_et-c032if-r0/Delta-et-c032if_128x100/qos.json.j2,delta,x86_64-delta_et-c032if-r0,Delta-et-c032if_128x100,OTHER
device/delta/x86_64-delta_et-c032if-r0/Delta-et-c032if_32x100/qos.json.j2,delta,x86_64-delta_et-c032if-r0,Delta-et-c032if_32x100,OTHER
device/delta/x86_64-delta_et-c032if-r0/Delta-et-c032if_32x200/qos.json.j2,delta,x86_64-delta_et-c032if-r0,Delta-et-c032if_32x200,OTHER
device/delta/x86_64-delta_et-c032if-r0/Delta-et-c032if_32x400/qos.json.j2,delta,x86_64-delta_et-c032if-r0,Delta-et-c032if_32x400,OTHER
device/delta/x86_64-delta_et-c032if-r0/Delta-et-c032if_64x100/qos.json.j2,delta,x86_64-delta_et-c032if-r0,Delta-et-c032if_64x100,OTHER
device/delta/x86_64-delta_et-c032if-r0/Delta-et-c032if_64x200/qos.json.j2,delta,x86_64-delta_et-c032if-r0,Delta-et-c032if_64x200,OTHER
device/fs/arm64-fs_s5800_48t4s-r0/S5800-48t4s-mars8p/qos.json.j2,fs,arm64-fs_s5800_48t4s-r0,S5800-48t4s-mars8p,A
device/fs/arm64-fs_s5800_48t4s-r0/S5800-48t4s/qos.json.j2,fs,arm64-fs_s5800_48t4s-r0,S5800-48t4s,A
device/ingrasys/x86_64-ingrasys_s9130_32x-r0/INGRASYS-S9130-32X/qos.json.j2,ingrasys,x86_64-ingrasys_s9130_32x-r0,INGRASYS-S9130-32X,OTHER
device/ingrasys/x86_64-ingrasys_s9230_64x-r0/INGRASYS-S9230-64X/qos.json.j2,ingrasys,x86_64-ingrasys_s9230_64x-r0,INGRASYS-S9230-64X,OTHER
device/inventec/x86_64-inventec_d6332-r0/INVENTEC-D6332/qos.json.j2,inventec,x86_64-inventec_d6332-r0,INVENTEC-D6332,OTHER
device/inventec/x86_64-inventec_d6356-r0/INVENTEC-D6356/qos.json.j2,inventec,x86_64-inventec_d6356-r0,INVENTEC-D6356,OTHER
device/juniper/x86_64-juniper_qfx5200-r0/Juniper-QFX5200-32C-S/qos.json.j2,juniper,x86_64-juniper_qfx5200-r0,Juniper-QFX5200-32C-S,A
device/juniper/x86_64-juniper_qfx5210-r0/Juniper-QFX5210-64C/qos.json.j2,juniper,x86_64-juniper_qfx5210-r0,Juniper-QFX5210-64C,A
device/marvell/arm64-marvell_db98cx8580_32cd-r0/db98cx8580_32cd/qos.json.j2,marvell,arm64-marvell_db98cx8580_32cd-r0,db98cx8580_32cd,A
device/marvell/arm64-marvell_rd98DX35xx-r0/rd98DX35xx/qos.json.j2,marvell,arm64-marvell_rd98DX35xx-r0,rd98DX35xx,A
device/marvell/arm64-marvell_rd98DX35xx_cn9131-r0/rd98DX35xx_cn9131/qos.json.j2,marvell,arm64-marvell_rd98DX35xx_cn9131-r0,rd98DX35xx_cn9131,A
device/marvell/arm64-marvell_rd98DX45xx_cn9131-r0/rd98DX45xx_cn9131/qos.json.j2,marvell,arm64-marvell_rd98DX45xx_cn9131-r0,rd98DX45xx_cn9131,A
device/marvell/x86_64-marvell_d64p512t-r0/d64p512t_128x400G-2x10G/qos.json.j2,marvell,x86_64-marvell_d64p512t-r0,d64p512t_128x400G-2x10G,OTHER
device/marvell/x86_64-marvell_d64p512t-r0/d64p512t_256x200G-2x10G/qos.json.j2,marvell,x86_64-marvell_d64p512t-r0,d64p512t_256x200G-2x10G,OTHER
device/marvell/x86_64-marvell_d64p512t-r0/d64p512t_512x100G-2x10G/qos.json.j2,marvell,x86_64-marvell_d64p512t-r0,d64p512t_512x100G-2x10G,OTHER
device/marvell/x86_64-marvell_d64p512t-r0/d64p512t_64x800G-2x10G/qos.json.j2,marvell,x86_64-marvell_d64p512t-r0,d64p512t_64x800G-2x10G,OTHER
device/marvell/x86_64-marvell_d64p512t-r0/d64p512t_64x800G-2x10G_lab/qos.json.j2,marvell,x86_64-marvell_d64p512t-r0,d64p512t_64x800G-2x10G_lab,OTHER
device/marvell/x86_64-marvell_db98cx8514_10cc-r0/F2T48x25G8x100G/qos.json.j2,marvell,x86_64-marvell_db98cx8514_10cc-r0,F2T48x25G8x100G,A
device/marvell/x86_64-marvell_db98cx8514_10cc-r0/F2T80x25G/qos.json.j2,marvell,x86_64-marvell_db98cx8514_10cc-r0,F2T80x25G,A
device/marvell/x86_64-marvell_db98cx8522_10cc-r0/db98cx8522_10cc/qos.json.j2,marvell,x86_64-marvell_db98cx8522_10cc-r0,db98cx8522_10cc,A
device/marvell/x86_64-marvell_db98cx8540_16cd-r0/db98cx8540_16cd/qos.json.j2,marvell,x86_64-marvell_db98cx8540_16cd-r0,db98cx8540_16cd,A
device/marvell/x86_64-marvell_db98cx8580_32cd-r0/FALCON32X25G/qos.json.j2,marvell,x86_64-marvell_db98cx8580_32cd-r0,FALCON32X25G,A
device/marvell/x86_64-marvell_db98cx8580_32cd-r0/FALCON32x100G/qos.json.j2,marvell,x86_64-marvell_db98cx8580_32cd-r0,FALCON32x100G,A
device/marvell/x86_64-marvell_db98cx8580_32cd-r0/FALCON_DB/qos.json.j2,marvell,x86_64-marvell_db98cx8580_32cd-r0,FALCON_DB,A
device/marvell/x86_64-marvell_db98cx8580_32cd-r0/FC48x25G8x100GR4/qos.json.j2,marvell,x86_64-marvell_db98cx8580_32cd-r0,FC48x25G8x100GR4,A
device/marvell/x86_64-marvell_dbmvtx9180-r0/dbmvtx9180_64osfp_128x400G/qos.json.j2,marvell,x86_64-marvell_dbmvtx9180-r0,dbmvtx9180_64osfp_128x400G,OTHER
device/marvell/x86_64-marvell_dbmvtx9180-r0/dbmvtx9180_64osfp_128x400G_lab/qos.json.j2,marvell,x86_64-marvell_dbmvtx9180-r0,dbmvtx9180_64osfp_128x400G_lab,OTHER
device/marvell/x86_64-marvell_dbmvtx9180-r0/dbmvtx9180_64osfp_256x200G/qos.json.j2,marvell,x86_64-marvell_dbmvtx9180-r0,dbmvtx9180_64osfp_256x200G,OTHER
device/marvell/x86_64-marvell_dbmvtx9180-r0/dbmvtx9180_64osfp_512x100G/qos.json.j2,marvell,x86_64-marvell_dbmvtx9180-r0,dbmvtx9180_64osfp_512x100G,OTHER
device/marvell/x86_64-marvell_dbmvtx9180-r0/dbmvtx9180_64osfp_64x800G/qos.json.j2,marvell,x86_64-marvell_dbmvtx9180-r0,dbmvtx9180_64osfp_64x800G,OTHER
device/marvell/x86_64-marvell_dbmvtx9180-r0/dbmvtx9180_64x100G/qos.json.j2,marvell,x86_64-marvell_dbmvtx9180-r0,dbmvtx9180_64x100G,OTHER
device/mellanox/x86_64-mlnx_msn2100-r0/ACS-MSN2100/qos.json.j2,mellanox,x86_64-mlnx_msn2100-r0,ACS-MSN2100,OTHER
device/mellanox/x86_64-mlnx_msn2410-r0/ACS-MSN2410/qos.json.j2,mellanox,x86_64-mlnx_msn2410-r0,ACS-MSN2410,OTHER
device/mellanox/x86_64-mlnx_msn2700-r0/ACS-MSN2700/qos.json.j2,mellanox,x86_64-mlnx_msn2700-r0,ACS-MSN2700,OTHER
device/mellanox/x86_64-mlnx_msn2700-r0/Mellanox-SN2700-D40C8S8/qos.json.j2,mellanox,x86_64-mlnx_msn2700-r0,Mellanox-SN2700-D40C8S8,OTHER
device/mellanox/x86_64-mlnx_msn4600c-r0/Mellanox-SN4600C-C64/qos.json.j2,mellanox,x86_64-mlnx_msn4600c-r0,Mellanox-SN4600C-C64,C
device/mellanox/x86_64-nvidia_sn5600-r0/Mellanox-SN5600-C256S1/qos.json.j2,mellanox,x86_64-nvidia_sn5600-r0,Mellanox-SN5600-C256S1,C
device/netberg/x86_64-netberg_aurora_610-r0/aurora-610/qos.json.j2,netberg,x86_64-netberg_aurora_610-r0,aurora-610,OTHER
device/netberg/x86_64-netberg_aurora_710-r0/aurora-710/qos.json.j2,netberg,x86_64-netberg_aurora_710-r0,aurora-710,OTHER
device/netberg/x86_64-netberg_aurora_715-r0/aurora-715/qos.json.j2,netberg,x86_64-netberg_aurora_715-r0,aurora-715,OTHER
device/netberg/x86_64-netberg_aurora_750-r0/aurora-750/qos.json.j2,netberg,x86_64-netberg_aurora_750-r0,aurora-750,OTHER
device/nexthop/x86_64-nexthop_4010-r0/NH-4010-128x400G-2x25G/BALANCED/qos.json.j2,nexthop,x86_64-nexthop_4010-r0,NH-4010-128x400G-2x25G,OTHER
device/nexthop/x86_64-nexthop_4010-r0/NH-4010-128x400G-2x25G/qos.json.j2,nexthop,x86_64-nexthop_4010-r0,NH-4010-128x400G-2x25G,C
device/nexthop/x86_64-nexthop_4010-r0/NH-4010-256x200G-2x25G/BALANCED/qos.json.j2,nexthop,x86_64-nexthop_4010-r0,NH-4010-256x200G-2x25G,OTHER
device/nexthop/x86_64-nexthop_4010-r0/NH-4010-256x200G-2x25G/qos.json.j2,nexthop,x86_64-nexthop_4010-r0,NH-4010-256x200G-2x25G,C
device/nexthop/x86_64-nexthop_4010-r0/NH-4010/BALANCED/qos.json.j2,nexthop,x86_64-nexthop_4010-r0,NH-4010,OTHER
device/nexthop/x86_64-nexthop_4010-r0/NH-4010/qos.json.j2,nexthop,x86_64-nexthop_4010-r0,NH-4010,C
device/nexthop/x86_64-nexthop_5010-r0/NH-5010-F-O32-C32/BALANCED/qos.json.j2,nexthop,x86_64-nexthop_5010-r0,NH-5010-F-O32-C32,OTHER
device/nexthop/x86_64-nexthop_5010-r0/NH-5010-F-O32-C32/qos.json.j2,nexthop,x86_64-nexthop_5010-r0,NH-5010-F-O32-C32,C
device/nexthop/x86_64-nexthop_5010-r0/NH-5010-F-O64/BALANCED/qos.json.j2,nexthop,x86_64-nexthop_5010-r0,NH-5010-F-O64,C
device/nexthop/x86_64-nexthop_5010-r0/NH-5010-F-O64/qos.json.j2,nexthop,x86_64-nexthop_5010-r0,NH-5010-F-O64,C
device/nokia/armhf-nokia_ixs7215_52x-r0/Nokia-7215/qos.json.j2,nokia,armhf-nokia_ixs7215_52x-r0,Nokia-7215,OTHER
device/nokia/x86_64-nokia_ixr7220_d4-r0/Nokia-IXR7220-D4-36D/qos.json.j2,nokia,x86_64-nokia_ixr7220_d4-r0,Nokia-IXR7220-D4-36D,A
device/nokia/x86_64-nokia_ixr7220_h4-r0/Nokia-IXR7220-H4-64D/qos.json.j2,nokia,x86_64-nokia_ixr7220_h4-r0,Nokia-IXR7220-H4-64D,A
device/nokia/x86_64-nokia_ixr7220_h4_32d-r0/Nokia-IXR7220-H4-32D/qos.json.j2,nokia,x86_64-nokia_ixr7220_h4_32d-r0,Nokia-IXR7220-H4-32D,A
device/nokia/x86_64-nokia_ixr7220_h5_32d-r0/Nokia-IXR7220-H5-32D/qos.json.j2,nokia,x86_64-nokia_ixr7220_h5_32d-r0,Nokia-IXR7220-H5-32D,A
device/nokia/x86_64-nokia_ixr7220_h5_64d-r0/Nokia-IXR7220-H5-64D/qos.json.j2,nokia,x86_64-nokia_ixr7220_h5_64d-r0,Nokia-IXR7220-H5-64D,A
device/nokia/x86_64-nokia_ixr7220_h5_64o-r0/Nokia-IXR7220-H5-64O/qos.json.j2,nokia,x86_64-nokia_ixr7220_h5_64o-r0,Nokia-IXR7220-H5-64O,A
device/nokia/x86_64-nokia_ixr7220_h6_128-r0/Nokia-IXR7220-H6-O256/qos.json.j2,nokia,x86_64-nokia_ixr7220_h6_128-r0,Nokia-IXR7220-H6-O256,A
device/nokia/x86_64-nokia_ixr7220_h6_128-r0/Nokia-IXR7220-H6-P128/qos.json.j2,nokia,x86_64-nokia_ixr7220_h6_128-r0,Nokia-IXR7220-H6-P128,A
device/nokia/x86_64-nokia_ixr7220_h6_64-r0/Nokia-IXR7220-H6-64/qos.json.j2,nokia,x86_64-nokia_ixr7220_h6_64-r0,Nokia-IXR7220-H6-64,A
device/nokia/x86_64-nokia_ixr7250_x3b-r0/Nokia-IXR7250-X3B/0/qos.json.j2,nokia,x86_64-nokia_ixr7250_x3b-r0,Nokia-IXR7250-X3B,C
device/nokia/x86_64-nokia_ixr7250_x3b-r0/Nokia-IXR7250-X3B/1/qos.json.j2,nokia,x86_64-nokia_ixr7250_x3b-r0,Nokia-IXR7250-X3B,C
device/nokia/x86_64-nokia_ixr7250_x4-r0/Nokia-IXR7250-X4/qos.json.j2,nokia,x86_64-nokia_ixr7250_x4-r0,Nokia-IXR7250-X4,C
device/nokia/x86_64-nokia_ixr7250e_36x400g-r0/Nokia-IXR7250E-36x100G/0/qos.json.j2,nokia,x86_64-nokia_ixr7250e_36x400g-r0,Nokia-IXR7250E-36x100G,C
device/nokia/x86_64-nokia_ixr7250e_36x400g-r0/Nokia-IXR7250E-36x100G/1/qos.json.j2,nokia,x86_64-nokia_ixr7250e_36x400g-r0,Nokia-IXR7250E-36x100G,C
device/nokia/x86_64-nokia_ixr7250e_36x400g-r0/Nokia-IXR7250E-36x400G/0/qos.json.j2,nokia,x86_64-nokia_ixr7250e_36x400g-r0,Nokia-IXR7250E-36x400G,C
device/nokia/x86_64-nokia_ixr7250e_36x400g-r0/Nokia-IXR7250E-36x400G/1/qos.json.j2,nokia,x86_64-nokia_ixr7250e_36x400g-r0,Nokia-IXR7250E-36x400G,C
device/quanta/x86_64-quanta_ix7_bwde-r0/Quanta-IX7-BWDE-32X/qos.json.j2,quanta,x86_64-quanta_ix7_bwde-r0,Quanta-IX7-BWDE-32X,B
device/quanta/x86_64-quanta_ix7_rglbmc-r0/Quanta-IX7-32X/qos.json.j2,quanta,x86_64-quanta_ix7_rglbmc-r0,Quanta-IX7-32X,B
device/quanta/x86_64-quanta_ix8_rglbmc-r0/Quanta-IX8-56X/qos.json.j2,quanta,x86_64-quanta_ix8_rglbmc-r0,Quanta-IX8-56X,B
device/quanta/x86_64-quanta_ix8a_bwde-r0/Quanta-IX8A-BWDE-56X/qos.json.j2,quanta,x86_64-quanta_ix8a_bwde-r0,Quanta-IX8A-BWDE-56X,B
device/quanta/x86_64-quanta_ix9_bwde-r0/Quanta-IX9-32X/qos.json.j2,quanta,x86_64-quanta_ix9_bwde-r0,Quanta-IX9-32X,OTHER
device/supermicro/x86_64-supermicro_sse_t7132s-r0/Supermicro_sse_t7132s/qos.json.j2,supermicro,x86_64-supermicro_sse_t7132s-r0,Supermicro_sse_t7132s,OTHER
device/virtual/x86_64-kvm_x86_64-r0/SONiC-VM/qos.json.j2,virtual,x86_64-kvm_x86_64-r0,SONiC-VM,A
device/virtual/x86_64-kvm_x86_64-r0/brcm_gearbox_vs/qos.json.j2,virtual,x86_64-kvm_x86_64-r0,brcm_gearbox_vs,A
device/virtual/x86_64-kvm_x86_64_4_asic-r0/msft_four_asic_vs/0/qos.json.j2,virtual,x86_64-kvm_x86_64_4_asic-r0,msft_four_asic_vs,A
device/virtual/x86_64-kvm_x86_64_6_asic-r0/msft_multi_asic_vs/0/qos.json.j2,virtual,x86_64-kvm_x86_64_6_asic-r0,msft_multi_asic_vs,A
device/wistron/x86_64-wistron_6512_32r-r0/wistron_6512_32r/qos.json.j2,wistron,x86_64-wistron_6512_32r-r0,wistron_6512_32r,OTHER
device/wistron/x86_64-wistron_6512_32r-r0/wistron_6512_32r_32x100/qos.json.j2,wistron,x86_64-wistron_6512_32r-r0,wistron_6512_32r_32x100,OTHER
device/wistron/x86_64-wistron_sw_to3200k-r0/Wistron_sw_to3200k/qos.json.j2,wistron,x86_64-wistron_sw_to3200k-r0,Wistron_sw_to3200k,OTHER
device/wistron/x86_64-wistron_sw_to3200k-r0/Wistron_sw_to3200k_104x1025_6x100/qos.json.j2,wistron,x86_64-wistron_sw_to3200k-r0,Wistron_sw_to3200k_104x1025_6x100,OTHER
device/wistron/x86_64-wistron_sw_to3200k-r0/Wistron_sw_to3200k_24x400_8x100/qos.json.j2,wistron,x86_64-wistron_sw_to3200k-r0,Wistron_sw_to3200k_24x400_8x100,OTHER
device/wistron/x86_64-wistron_sw_to3200k-r0/Wistron_sw_to3200k_28x400_4x100/qos.json.j2,wistron,x86_64-wistron_sw_to3200k-r0,Wistron_sw_to3200k_28x400_4x100,OTHER
device/wistron/x86_64-wistron_sw_to3200k-r0/Wistron_sw_to3200k_32x100/qos.json.j2,wistron,x86_64-wistron_sw_to3200k-r0,Wistron_sw_to3200k_32x100,OTHER
device/wistron/x86_64-wistron_sw_to3200k-r0/Wistron_sw_to3200k_72x25_6x400/qos.json.j2,wistron,x86_64-wistron_sw_to3200k-r0,Wistron_sw_to3200k_72x25_6x400,OTHER
